﻿Domaine,Zone,Élément,Produit,Année,Unité,Valeur
"Intensités des émissions","Afghanistan","Intensité des émissions","Viande, poulet, fraîche ou réfrigérée","2017","kg CO2eq/kg","0.3632"
"Intensités des émissions","Afrique du Sud","Intensité des émissions","Viande, poulet, fraîche ou réfrigérée","2017","kg CO2eq/kg","0.3164"
"Intensités des émissions","Albanie","Intensité des émissions","Viande, poulet, fraîche ou réfrigérée","2017","kg CO2eq/kg","0.8127"
"Intensités des émissions","Algérie","Intensité des émissions","Viande, poulet, fraîche ou réfrigérée","2017","kg CO2eq/kg","1.7491"
"Intensités des émissions","Allemagne","Intensité des émissions","Viande, poulet, fraîche ou réfrigérée","2017","kg CO2eq/kg","0.4118"
"Intensités des émissions","Angola","Intensité des émissions","Viande, poulet, fraîche ou réfrigérée","2017","kg CO2eq/kg","3.5756"
"Intensités des émissions","Antigua-et-Barbuda","Intensité des émissions","Viande, poulet, fraîche ou réfrigérée","2017","kg CO2eq/kg","15.7677"
"Intensités des émissions","Arabie saoudite","Intensité des émissions","Viande, poulet, fraîche ou réfrigérée","2017","kg CO2eq/kg","1.0047"
"Intensités des émissions","Argentine","Intensité des émissions","Viande, poulet, fraîche ou réfrigérée","2017","kg CO2eq/kg","0.1305"
"Intensités des émissions","Arménie","Intensité des émissions","Viande, poulet, fraîche ou réfrigérée","2017","kg CO2eq/kg","0.3939"
"Intensités des émissions","Australie","Intensité des émissions","Viande, poulet, fraîche ou réfrigérée","2017","kg CO2eq/kg","0.2235"
"Intensités des émissions","Autriche","Intensité des émissions","Viande, poulet, fraîche ou réfrigérée","2017","kg CO2eq/kg","0.2569"
"Intensités des émissions","Azerbaïdjan","Intensité des émissions","Viande, poulet, fraîche ou réfrigérée","2017","kg CO2eq/kg","0.5272"
"Intensités des émissions","Bahamas","Intensité des émissions","Viande, poulet, fraîche ou réfrigérée","2017","kg CO2eq/kg","1.7532"
"Intensités des émissions","Bahreïn","Intensité des émissions","Viande, poulet, fraîche ou réfrigérée","2017","kg CO2eq/kg","0.4965"
"Intensités des émissions","Bangladesh","Intensité des émissions","Viande, poulet, fraîche ou réfrigérée","2017","kg CO2eq/kg","1.5908"
"Intensités des émissions","Barbade","Intensité des émissions","Viande, poulet, fraîche ou réfrigérée","2017","kg CO2eq/kg","0.9308"
"Intensités des émissions","Bélarus","Intensité des émissions","Viande, poulet, fraîche ou réfrigérée","2017","kg CO2eq/kg","0.19"
"Intensités des émissions","Belgique","Intensité des émissions","Viande, poulet, fraîche ou réfrigérée","2017","kg CO2eq/kg","0.1311"
"Intensités des émissions","Belize","Intensité des émissions","Viande, poulet, fraîche ou réfrigérée","2017","kg CO2eq/kg","0.1885"
"Intensités des émissions","Bénin","Intensité des émissions","Viande, poulet, fraîche ou réfrigérée","2017","kg CO2eq/kg","1.1381"
"Intensités des émissions","Bhoutan","Intensité des émissions","Viande, poulet, fraîche ou réfrigérée","2017","kg CO2eq/kg","0.217"
"Intensités des émissions","Bolivie (État plurinational de)","Intensité des émissions","Viande, poulet, fraîche ou réfrigérée","2017","kg CO2eq/kg","1.3665"
"Intensités des émissions","Bosnie-Herzégovine","Intensité des émissions","Viande, poulet, fraîche ou réfrigérée","2017","kg CO2eq/kg","0.7141"
"Intensités des émissions","Botswana","Intensité des émissions","Viande, poulet, fraîche ou réfrigérée","2017","kg CO2eq/kg","0.4633"
"Intensités des émissions","Brésil","Intensité des émissions","Viande, poulet, fraîche ou réfrigérée","2017","kg CO2eq/kg","0.3288"
"Intensités des émissions","Brunéi Darussalam","Intensité des émissions","Viande, poulet, fraîche ou réfrigérée","2017","kg CO2eq/kg","2.5563"
"Intensités des émissions","Bulgarie","Intensité des émissions","Viande, poulet, fraîche ou réfrigérée","2017","kg CO2eq/kg","0.4647"
"Intensités des émissions","Burkina Faso","Intensité des émissions","Viande, poulet, fraîche ou réfrigérée","2017","kg CO2eq/kg","0.4491"
"Intensités des émissions","Burundi","Intensité des émissions","Viande, poulet, fraîche ou réfrigérée","2017","kg CO2eq/kg","1.0961"
"Intensités des émissions","Cabo Verde","Intensité des émissions","Viande, poulet, fraîche ou réfrigérée","2017","kg CO2eq/kg","3.1095"
"Intensités des émissions","Cambodge","Intensité des émissions","Viande, poulet, fraîche ou réfrigérée","2017","kg CO2eq/kg","1.721"
"Intensités des émissions","Cameroun","Intensité des émissions","Viande, poulet, fraîche ou réfrigérée","2017","kg CO2eq/kg","2.4637"
"Intensités des émissions","Canada","Intensité des émissions","Viande, poulet, fraîche ou réfrigérée","2017","kg CO2eq/kg","0.3735"
"Intensités des émissions","Chili","Intensité des émissions","Viande, poulet, fraîche ou réfrigérée","2017","kg CO2eq/kg","0.5437"
"Intensités des émissions","Chine","Intensité des émissions","Viande, poulet, fraîche ou réfrigérée","2017","kg CO2eq/kg","0.5541"
"Intensités des émissions","Chine - RAS de Hong-Kong","Intensité des émissions","Viande, poulet, fraîche ou réfrigérée","2017","kg CO2eq/kg","0.6639"
"Intensités des émissions","Chine - RAS de Macao","Intensité des émissions","Viande, poulet, fraîche ou réfrigérée","2017","kg CO2eq/kg","0.7279"
"Intensités des émissions","Chine, continentale","Intensité des émissions","Viande, poulet, fraîche ou réfrigérée","2017","kg CO2eq/kg","0.5614"
"Intensités des émissions","Chine, Taiwan Province de","Intensité des émissions","Viande, poulet, fraîche ou réfrigérée","2017","kg CO2eq/kg","0.3723"
"Intensités des émissions","Chypre","Intensité des émissions","Viande, poulet, fraîche ou réfrigérée","2017","kg CO2eq/kg","0.3011"
"Intensités des émissions","Colombie","Intensité des émissions","Viande, poulet, fraîche ou réfrigérée","2017","kg CO2eq/kg","0.264"
"Intensités des émissions","Comores","Intensité des émissions","Viande, poulet, fraîche ou réfrigérée","2017","kg CO2eq/kg","2.3005"
"Intensités des émissions","Congo","Intensité des émissions","Viande, poulet, fraîche ou réfrigérée","2017","kg CO2eq/kg","1.4573"
"Intensités des émissions","Costa Rica","Intensité des émissions","Viande, poulet, fraîche ou réfrigérée","2017","kg CO2eq/kg","0.6146"
"Intensités des émissions","Côte d'Ivoire","Intensité des émissions","Viande, poulet, fraîche ou réfrigérée","2017","kg CO2eq/kg","4.0628"
"Intensités des émissions","Croatie","Intensité des émissions","Viande, poulet, fraîche ou réfrigérée","2017","kg CO2eq/kg","0.4223"
"Intensités des émissions","Cuba","Intensité des émissions","Viande, poulet, fraîche ou réfrigérée","2017","kg CO2eq/kg","1.9028"
"Intensités des émissions","Danemark","Intensité des émissions","Viande, poulet, fraîche ou réfrigérée","2017","kg CO2eq/kg","0.3346"
"Intensités des émissions","Dominique","Intensité des émissions","Viande, poulet, fraîche ou réfrigérée","2017","kg CO2eq/kg","1.5605"
"Intensités des émissions","Égypte","Intensité des émissions","Viande, poulet, fraîche ou réfrigérée","2017","kg CO2eq/kg","0.376"
"Intensités des émissions","El Salvador","Intensité des émissions","Viande, poulet, fraîche ou réfrigérée","2017","kg CO2eq/kg","0.3022"
"Intensités des émissions","Émirats arabes unis","Intensité des émissions","Viande, poulet, fraîche ou réfrigérée","2017","kg CO2eq/kg","1.3242"
"Intensités des émissions","Équateur","Intensité des émissions","Viande, poulet, fraîche ou réfrigérée","2017","kg CO2eq/kg","1.2486"
"Intensités des émissions","Érythrée","Intensité des émissions","Viande, poulet, fraîche ou réfrigérée","2017","kg CO2eq/kg","1.8424"
"Intensités des émissions","Espagne","Intensité des émissions","Viande, poulet, fraîche ou réfrigérée","2017","kg CO2eq/kg","0.2341"
"Intensités des émissions","Estonie","Intensité des émissions","Viande, poulet, fraîche ou réfrigérée","2017","kg CO2eq/kg","0.2347"
"Intensités des émissions","Eswatini","Intensité des émissions","Viande, poulet, fraîche ou réfrigérée","2017","kg CO2eq/kg","2.3923"
"Intensités des émissions","États-Unis d'Amérique","Intensité des émissions","Viande, poulet, fraîche ou réfrigérée","2017","kg CO2eq/kg","0.1948"
"Intensités des émissions","Éthiopie","Intensité des émissions","Viande, poulet, fraîche ou réfrigérée","2017","kg CO2eq/kg","2.7188"
"Intensités des émissions","Fédération de Russie","Intensité des émissions","Viande, poulet, fraîche ou réfrigérée","2017","kg CO2eq/kg","0.2641"
"Intensités des émissions","Fidji","Intensité des émissions","Viande, poulet, fraîche ou réfrigérée","2017","kg CO2eq/kg","0.5041"
"Intensités des émissions","Finlande","Intensité des émissions","Viande, poulet, fraîche ou réfrigérée","2017","kg CO2eq/kg","0.1376"
"Intensités des émissions","France","Intensité des émissions","Viande, poulet, fraîche ou réfrigérée","2017","kg CO2eq/kg","0.5494"
"Intensités des émissions","Gabon","Intensité des émissions","Viande, poulet, fraîche ou réfrigérée","2017","kg CO2eq/kg","2.6434"
"Intensités des émissions","Gambie","Intensité des émissions","Viande, poulet, fraîche ou réfrigérée","2017","kg CO2eq/kg","2.8804"
"Intensités des émissions","Géorgie","Intensité des émissions","Viande, poulet, fraîche ou réfrigérée","2017","kg CO2eq/kg","0.8969"
"Intensités des émissions","Ghana","Intensité des émissions","Viande, poulet, fraîche ou réfrigérée","2017","kg CO2eq/kg","4.0112"
"Intensités des émissions","Grèce","Intensité des émissions","Viande, poulet, fraîche ou réfrigérée","2017","kg CO2eq/kg","0.421"
"Intensités des émissions","Grenade","Intensité des émissions","Viande, poulet, fraîche ou réfrigérée","2017","kg CO2eq/kg","0.8538"
"Intensités des émissions","Guatemala","Intensité des émissions","Viande, poulet, fraîche ou réfrigérée","2017","kg CO2eq/kg","0.2191"
"Intensités des émissions","Guinée","Intensité des émissions","Viande, poulet, fraîche ou réfrigérée","2017","kg CO2eq/kg","6.7434"
"Intensités des émissions","Guinée équatoriale","Intensité des émissions","Viande, poulet, fraîche ou réfrigérée","2017","kg CO2eq/kg","4.8339"
"Intensités des émissions","Guinée-Bissau","Intensité des émissions","Viande, poulet, fraîche ou réfrigérée","2017","kg CO2eq/kg","2.4356"
"Intensités des émissions","Guyana","Intensité des émissions","Viande, poulet, fraîche ou réfrigérée","2017","kg CO2eq/kg","3.3031"
"Intensités des émissions","Haïti","Intensité des émissions","Viande, poulet, fraîche ou réfrigérée","2017","kg CO2eq/kg","2.3263"
"Intensités des émissions","Honduras","Intensité des émissions","Viande, poulet, fraîche ou réfrigérée","2017","kg CO2eq/kg","0.8074"
"Intensités des émissions","Hongrie","Intensité des émissions","Viande, poulet, fraîche ou réfrigérée","2017","kg CO2eq/kg","0.2091"
"Intensités des émissions","Îles Cook","Intensité des émissions","Viande, poulet, fraîche ou réfrigérée","2017","kg CO2eq/kg","2.4615"
"Intensités des émissions","Îles Salomon","Intensité des émissions","Viande, poulet, fraîche ou réfrigérée","2017","kg CO2eq/kg","1.0375"
"Intensités des émissions","Inde","Intensité des émissions","Viande, poulet, fraîche ou réfrigérée","2017","kg CO2eq/kg","0.3752"
"Intensités des émissions","Indonésie","Intensité des émissions","Viande, poulet, fraîche ou réfrigérée","2017","kg CO2eq/kg","3.814"
"Intensités des émissions","Iran (République islamique d')","Intensité des émissions","Viande, poulet, fraîche ou réfrigérée","2017","kg CO2eq/kg","1.5437"
"Intensités des émissions","Iraq","Intensité des émissions","Viande, poulet, fraîche ou réfrigérée","2017","kg CO2eq/kg","1.932"
"Intensités des émissions","Irlande","Intensité des émissions","Viande, poulet, fraîche ou réfrigérée","2017","kg CO2eq/kg","0.2934"
"Intensités des émissions","Israël","Intensité des émissions","Viande, poulet, fraîche ou réfrigérée","2017","kg CO2eq/kg","0.272"
"Intensités des émissions","Italie","Intensité des émissions","Viande, poulet, fraîche ou réfrigérée","2017","kg CO2eq/kg","0.2621"
"Intensités des émissions","Jamaïque","Intensité des émissions","Viande, poulet, fraîche ou réfrigérée","2017","kg CO2eq/kg","0.3851"
"Intensités des émissions","Japon","Intensité des émissions","Viande, poulet, fraîche ou réfrigérée","2017","kg CO2eq/kg","0.3016"
"Intensités des émissions","Jordanie","Intensité des émissions","Viande, poulet, fraîche ou réfrigérée","2017","kg CO2eq/kg","0.4587"
"Intensités des émissions","Kazakhstan","Intensité des émissions","Viande, poulet, fraîche ou réfrigérée","2017","kg CO2eq/kg","0.3285"
"Intensités des émissions","Kenya","Intensité des émissions","Viande, poulet, fraîche ou réfrigérée","2017","kg CO2eq/kg","1.2058"
"Intensités des émissions","Kirghizistan","Intensité des émissions","Viande, poulet, fraîche ou réfrigérée","2017","kg CO2eq/kg","0.1435"
"Intensités des émissions","Kiribati","Intensité des émissions","Viande, poulet, fraîche ou réfrigérée","2017","kg CO2eq/kg","2.0888"
"Intensités des émissions","Koweït","Intensité des émissions","Viande, poulet, fraîche ou réfrigérée","2017","kg CO2eq/kg","3.1206"
"Intensités des émissions","Lesotho","Intensité des émissions","Viande, poulet, fraîche ou réfrigérée","2017","kg CO2eq/kg","0.3017"
"Intensités des émissions","Liban","Intensité des émissions","Viande, poulet, fraîche ou réfrigérée","2017","kg CO2eq/kg","1.9111"
"Intensités des émissions","Libéria","Intensité des émissions","Viande, poulet, fraîche ou réfrigérée","2017","kg CO2eq/kg","2.0792"
"Intensités des émissions","Libye","Intensité des émissions","Viande, poulet, fraîche ou réfrigérée","2017","kg CO2eq/kg","0.8443"
"Intensités des émissions","Lituanie","Intensité des émissions","Viande, poulet, fraîche ou réfrigérée","2017","kg CO2eq/kg","0.1783"
"Intensités des émissions","Luxembourg","Intensité des émissions","Viande, poulet, fraîche ou réfrigérée","2017","kg CO2eq/kg","0.1872"
"Intensités des émissions","Macédoine du Nord","Intensité des émissions","Viande, poulet, fraîche ou réfrigérée","2017","kg CO2eq/kg","0.7586"
"Intensités des émissions","Madagascar","Intensité des émissions","Viande, poulet, fraîche ou réfrigérée","2017","kg CO2eq/kg","2.8831"
"Intensités des émissions","Malaisie","Intensité des émissions","Viande, poulet, fraîche ou réfrigérée","2017","kg CO2eq/kg","0.4335"
"Intensités des émissions","Malawi","Intensité des émissions","Viande, poulet, fraîche ou réfrigérée","2017","kg CO2eq/kg","0.4151"
"Intensités des émissions","Mali","Intensité des émissions","Viande, poulet, fraîche ou réfrigérée","2017","kg CO2eq/kg","3.1766"
"Intensités des émissions","Malte","Intensité des émissions","Viande, poulet, fraîche ou réfrigérée","2017","kg CO2eq/kg","0.6269"
"Intensités des émissions","Maroc","Intensité des émissions","Viande, poulet, fraîche ou réfrigérée","2017","kg CO2eq/kg","1.0108"
"Intensités des émissions","Maurice","Intensité des émissions","Viande, poulet, fraîche ou réfrigérée","2017","kg CO2eq/kg","1.1869"
"Intensités des émissions","Mauritanie","Intensité des émissions","Viande, poulet, fraîche ou réfrigérée","2017","kg CO2eq/kg","3.0411"
"Intensités des émissions","Mexique","Intensité des émissions","Viande, poulet, fraîche ou réfrigérée","2017","kg CO2eq/kg","0.4158"
"Intensités des émissions","Micronésie (États fédérés de)","Intensité des émissions","Viande, poulet, fraîche ou réfrigérée","2017","kg CO2eq/kg","2.134"
"Intensités des émissions","Mongolie","Intensité des émissions","Viande, poulet, fraîche ou réfrigérée","2017","kg CO2eq/kg","4.0799"
"Intensités des émissions","Monténégro","Intensité des émissions","Viande, poulet, fraîche ou réfrigérée","2017","kg CO2eq/kg","0.124"
"Intensités des émissions","Mozambique","Intensité des émissions","Viande, poulet, fraîche ou réfrigérée","2017","kg CO2eq/kg","0.3624"
"Intensités des émissions","Myanmar","Intensité des émissions","Viande, poulet, fraîche ou réfrigérée","2017","kg CO2eq/kg","0.5848"
"Intensités des émissions","Namibie","Intensité des émissions","Viande, poulet, fraîche ou réfrigérée","2017","kg CO2eq/kg","1.3014"
"Intensités des émissions","Nauru","Intensité des émissions","Viande, poulet, fraîche ou réfrigérée","2017","kg CO2eq/kg","0.8637"
"Intensités des émissions","Népal","Intensité des émissions","Viande, poulet, fraîche ou réfrigérée","2017","kg CO2eq/kg","3.5002"
"Intensités des émissions","Nicaragua","Intensité des émissions","Viande, poulet, fraîche ou réfrigérée","2017","kg CO2eq/kg","0.5185"
"Intensités des émissions","Niger","Intensité des émissions","Viande, poulet, fraîche ou réfrigérée","2017","kg CO2eq/kg","3.3938"
"Intensités des émissions","Nigéria","Intensité des émissions","Viande, poulet, fraîche ou réfrigérée","2017","kg CO2eq/kg","1.0266"
"Intensités des émissions","Nioué","Intensité des émissions","Viande, poulet, fraîche ou réfrigérée","2017","kg CO2eq/kg","2.2124"
"Intensités des émissions","Norvège","Intensité des émissions","Viande, poulet, fraîche ou réfrigérée","2017","kg CO2eq/kg","0.4311"
"Intensités des émissions","Nouvelle-Calédonie","Intensité des émissions","Viande, poulet, fraîche ou réfrigérée","2017","kg CO2eq/kg","1.5299"
"Intensités des émissions","Nouvelle-Zélande","Intensité des émissions","Viande, poulet, fraîche ou réfrigérée","2017","kg CO2eq/kg","0.3147"
"Intensités des émissions","Oman","Intensité des émissions","Viande, poulet, fraîche ou réfrigérée","2017","kg CO2eq/kg","2.0074"
"Intensités des émissions","Ouganda","Intensité des émissions","Viande, poulet, fraîche ou réfrigérée","2017","kg CO2eq/kg","1.7093"
"Intensités des émissions","Ouzbékistan","Intensité des émissions","Viande, poulet, fraîche ou réfrigérée","2017","kg CO2eq/kg","1.553"
"Intensités des émissions","Pakistan","Intensité des émissions","Viande, poulet, fraîche ou réfrigérée","2017","kg CO2eq/kg","2.9976"
"Intensités des émissions","Palestine","Intensité des émissions","Viande, poulet, fraîche ou réfrigérée","2017","kg CO2eq/kg","0.5289"
"Intensités des émissions","Panama","Intensité des émissions","Viande, poulet, fraîche ou réfrigérée","2017","kg CO2eq/kg","0.428"
"Intensités des émissions","Papouasie-Nouvelle-Guinée","Intensité des émissions","Viande, poulet, fraîche ou réfrigérée","2017","kg CO2eq/kg","1.5357"
"Intensités des émissions","Paraguay","Intensité des émissions","Viande, poulet, fraîche ou réfrigérée","2017","kg CO2eq/kg","0.7192"
"Intensités des émissions","Pays-Bas (Royaume des)","Intensité des émissions","Viande, poulet, fraîche ou réfrigérée","2017","kg CO2eq/kg","0.1977"
"Intensités des émissions","Pérou","Intensité des émissions","Viande, poulet, fraîche ou réfrigérée","2017","kg CO2eq/kg","0.3377"
"Intensités des émissions","Philippines","Intensité des émissions","Viande, poulet, fraîche ou réfrigérée","2017","kg CO2eq/kg","0.2259"
"Intensités des émissions","Pologne","Intensité des émissions","Viande, poulet, fraîche ou réfrigérée","2017","kg CO2eq/kg","0.2999"
"Intensités des émissions","Polynésie française","Intensité des émissions","Viande, poulet, fraîche ou réfrigérée","2017","kg CO2eq/kg","0.9671"
"Intensités des émissions","Porto Rico","Intensité des émissions","Viande, poulet, fraîche ou réfrigérée","2017","kg CO2eq/kg","1.7517"
"Intensités des émissions","Portugal","Intensité des émissions","Viande, poulet, fraîche ou réfrigérée","2017","kg CO2eq/kg","0.0324"
"Intensités des émissions","Qatar","Intensité des émissions","Viande, poulet, fraîche ou réfrigérée","2017","kg CO2eq/kg","1.4564"
"Intensités des émissions","République arabe syrienne","Intensité des émissions","Viande, poulet, fraîche ou réfrigérée","2017","kg CO2eq/kg","0.1689"
"Intensités des émissions","République centrafricaine","Intensité des émissions","Viande, poulet, fraîche ou réfrigérée","2017","kg CO2eq/kg","4.1073"
"Intensités des émissions","République de Corée","Intensité des émissions","Viande, poulet, fraîche ou réfrigérée","2017","kg CO2eq/kg","0.4439"
"Intensités des émissions","République de Moldova","Intensité des émissions","Viande, poulet, fraîche ou réfrigérée","2017","kg CO2eq/kg","2.6979"
"Intensités des émissions","République démocratique du Congo","Intensité des émissions","Viande, poulet, fraîche ou réfrigérée","2017","kg CO2eq/kg","6.1086"
"Intensités des émissions","République démocratique populaire lao","Intensité des émissions","Viande, poulet, fraîche ou réfrigérée","2017","kg CO2eq/kg","4.5412"
"Intensités des émissions","République dominicaine","Intensité des émissions","Viande, poulet, fraîche ou réfrigérée","2017","kg CO2eq/kg","1.9498"
"Intensités des émissions","République populaire démocratique de Corée","Intensité des émissions","Viande, poulet, fraîche ou réfrigérée","2017","kg CO2eq/kg","0.005"
"Intensités des émissions","République-Unie de Tanzanie","Intensité des émissions","Viande, poulet, fraîche ou réfrigérée","2017","kg CO2eq/kg","1.3786"
"Intensités des émissions","Roumanie","Intensité des émissions","Viande, poulet, fraîche ou réfrigérée","2017","kg CO2eq/kg","0.3132"
"Intensités des émissions","Royaume-Uni de Grande-Bretagne et d'Irlande du Nord","Intensité des émissions","Viande, poulet, fraîche ou réfrigérée","2017","kg CO2eq/kg","0.2453"
"Intensités des émissions","Rwanda","Intensité des émissions","Viande, poulet, fraîche ou réfrigérée","2017","kg CO2eq/kg","0.8534"
"Intensités des émissions","Sainte-Lucie","Intensité des émissions","Viande, poulet, fraîche ou réfrigérée","2017","kg CO2eq/kg","1.0655"
"Intensités des émissions","Saint-Kitts-et-Nevis","Intensité des émissions","Viande, poulet, fraîche ou réfrigérée","2017","kg CO2eq/kg","13.5675"
"Intensités des émissions","Saint-Vincent-et-les Grenadines","Intensité des émissions","Viande, poulet, fraîche ou réfrigérée","2017","kg CO2eq/kg","1.6169"
"Intensités des émissions","Samoa","Intensité des émissions","Viande, poulet, fraîche ou réfrigérée","2017","kg CO2eq/kg","3.2951"
"Intensités des émissions","Sao Tomé-et-Principe","Intensité des émissions","Viande, poulet, fraîche ou réfrigérée","2017","kg CO2eq/kg","1.1115"
"Intensités des émissions","Sénégal","Intensité des émissions","Viande, poulet, fraîche ou réfrigérée","2017","kg CO2eq/kg","2.4288"
"Intensités des émissions","Serbie","Intensité des émissions","Viande, poulet, fraîche ou réfrigérée","2017","kg CO2eq/kg","0.3065"
"Intensités des émissions","Seychelles","Intensité des émissions","Viande, poulet, fraîche ou réfrigérée","2017","kg CO2eq/kg","0.1907"
"Intensités des émissions","Sierra Leone","Intensité des émissions","Viande, poulet, fraîche ou réfrigérée","2017","kg CO2eq/kg","4.3114"
"Intensités des émissions","Singapour","Intensité des émissions","Viande, poulet, fraîche ou réfrigérée","2017","kg CO2eq/kg","0.0436"
"Intensités des émissions","Slovaquie","Intensité des émissions","Viande, poulet, fraîche ou réfrigérée","2017","kg CO2eq/kg","0.2829"
"Intensités des émissions","Slovénie","Intensité des émissions","Viande, poulet, fraîche ou réfrigérée","2017","kg CO2eq/kg","0.1055"
"Intensités des émissions","Somalie","Intensité des émissions","Viande, poulet, fraîche ou réfrigérée","2017","kg CO2eq/kg","3.0778"
"Intensités des émissions","Soudan","Intensité des émissions","Viande, poulet, fraîche ou réfrigérée","2017","kg CO2eq/kg","2.3241"
"Intensités des émissions","Soudan du Sud","Intensité des émissions","Viande, poulet, fraîche ou réfrigérée","2017","kg CO2eq/kg","3.0338"
"Intensités des émissions","Sri Lanka","Intensité des émissions","Viande, poulet, fraîche ou réfrigérée","2017","kg CO2eq/kg","0.2297"
"Intensités des émissions","Suède","Intensité des émissions","Viande, poulet, fraîche ou réfrigérée","2017","kg CO2eq/kg","0.0414"
"Intensités des émissions","Suisse","Intensité des émissions","Viande, poulet, fraîche ou réfrigérée","2017","kg CO2eq/kg","0.3181"
"Intensités des émissions","Suriname","Intensité des émissions","Viande, poulet, fraîche ou réfrigérée","2017","kg CO2eq/kg","2.0097"
"Intensités des émissions","Tadjikistan","Intensité des émissions","Viande, poulet, fraîche ou réfrigérée","2017","kg CO2eq/kg","1.5625"
"Intensités des émissions","Tchad","Intensité des émissions","Viande, poulet, fraîche ou réfrigérée","2017","kg CO2eq/kg","3.1043"
"Intensités des émissions","Tchéquie","Intensité des émissions","Viande, poulet, fraîche ou réfrigérée","2017","kg CO2eq/kg","0.3609"
"Intensités des émissions","Thaïlande","Intensité des émissions","Viande, poulet, fraîche ou réfrigérée","2017","kg CO2eq/kg","0.4033"
"Intensités des émissions","Timor-Leste","Intensité des émissions","Viande, poulet, fraîche ou réfrigérée","2017","kg CO2eq/kg","3.3344"
"Intensités des émissions","Togo","Intensité des émissions","Viande, poulet, fraîche ou réfrigérée","2017","kg CO2eq/kg","4.0837"
"Intensités des émissions","Tokélaou","Intensité des émissions","Viande, poulet, fraîche ou réfrigérée","2017","kg CO2eq/kg","2.1568"
"Intensités des émissions","Tonga","Intensité des émissions","Viande, poulet, fraîche ou réfrigérée","2017","kg CO2eq/kg","3.1319"
"Intensités des émissions","Trinité-et-Tobago","Intensité des émissions","Viande, poulet, fraîche ou réfrigérée","2017","kg CO2eq/kg","2.1143"
"Intensités des émissions","Tunisie","Intensité des émissions","Viande, poulet, fraîche ou réfrigérée","2017","kg CO2eq/kg","2.0281"
"Intensités des émissions","Turkménistan","Intensité des émissions","Viande, poulet, fraîche ou réfrigérée","2017","kg CO2eq/kg","2.3488"
"Intensités des émissions","Turquie","Intensité des émissions","Viande, poulet, fraîche ou réfrigérée","2017","kg CO2eq/kg","0.3842"
"Intensités des émissions","Tuvalu","Intensité des émissions","Viande, poulet, fraîche ou réfrigérée","2017","kg CO2eq/kg","2.425"
"Intensités des émissions","Ukraine","Intensité des émissions","Viande, poulet, fraîche ou réfrigérée","2017","kg CO2eq/kg","0.2723"
"Intensités des émissions","Uruguay","Intensité des émissions","Viande, poulet, fraîche ou réfrigérée","2017","kg CO2eq/kg","1.5215"
"Intensités des émissions","Vanuatu","Intensité des émissions","Viande, poulet, fraîche ou réfrigérée","2017","kg CO2eq/kg","1.9862"
"Intensités des émissions","Venezuela (République bolivarienne du)","Intensité des émissions","Viande, poulet, fraîche ou réfrigérée","2017","kg CO2eq/kg","0.9554"
"Intensités des émissions","Viet Nam","Intensité des émissions","Viande, poulet, fraîche ou réfrigérée","2017","kg CO2eq/kg","1.0931"
"Intensités des émissions","Yémen","Intensité des émissions","Viande, poulet, fraîche ou réfrigérée","2017","kg CO2eq/kg","1.2851"
"Intensités des émissions","Zambie","Intensité des émissions","Viande, poulet, fraîche ou réfrigérée","2017","kg CO2eq/kg","2.4135"
"Intensités des émissions","Zimbabwe","Intensité des émissions","Viande, poulet, fraîche ou réfrigérée","2017","kg CO2eq/kg","0.4701"
